id_menu,nazwa_menu
1,menu_1
2,menu_2
3,menu_3
4,menu_4
5,menu_5
6,menu_6
7,menu_7
8,menu_8
9,menu_9
10,menu_10
11,menu_11
12,menu_12
13,menu_13
14,menu_14
15,menu_15
16,menu_16
17,menu_17
18,menu_18
19,menu_19
20,menu_20
21,menu_21
22,menu_22
23,menu_23
24,menu_24
25,menu_25
26,menu_26
27,menu_27
28,menu_28
29,menu_29
30,menu_30
31,menu_31
32,menu_32
33,menu_33
34,menu_34
35,menu_35
36,menu_36
37,menu_37
38,menu_38
39,menu_39
40,menu_40
41,menu_41
42,menu_42
43,menu_43
44,menu_44
45,menu_45
46,menu_46
47,menu_47
48,menu_48
49,menu_49
50,menu_50
51,menu_51
52,menu_52
53,menu_53
54,menu_54
55,menu_55
56,menu_56
57,menu_57
58,menu_58
59,menu_59
60,menu_60
61,menu_61
62,menu_62
63,menu_63
64,menu_64
65,menu_65
66,menu_66
67,menu_67
68,menu_68
69,menu_69
70,menu_70
71,menu_71
72,menu_72
73,menu_73
74,menu_74
75,menu_75
76,menu_76
77,menu_77
78,menu_78
79,menu_79
80,menu_80
81,menu_81
82,menu_82
83,menu_83
84,menu_84
85,menu_85
86,menu_86
87,menu_87
88,menu_88
89,menu_89
90,menu_90
91,menu_91
92,menu_92
93,menu_93
94,menu_94
95,menu_95
96,menu_96
97,menu_97
98,menu_98
99,menu_99
100,menu_100
101,menu_101
102,menu_102
103,menu_103
104,menu_104
105,menu_105
106,menu_106
107,menu_107
108,menu_108
109,menu_109
110,menu_110
111,menu_111
112,menu_112
113,menu_113
114,menu_114
115,menu_115
116,menu_116
117,menu_117
118,menu_118
119,menu_119
120,menu_120
121,menu_121
122,menu_122
123,menu_123
124,menu_124
125,menu_125
126,menu_126
127,menu_127
128,menu_128
129,menu_129
130,menu_130
131,menu_131
132,menu_132
133,menu_133
134,menu_134
135,menu_135
136,menu_136
137,menu_137
138,menu_138
139,menu_139
140,menu_140
141,menu_141
142,menu_142
143,menu_143
144,menu_144
145,menu_145
146,menu_146
147,menu_147
148,menu_148
149,menu_149
150,menu_150
151,menu_151
152,menu_152
153,menu_153
154,menu_154
155,menu_155
156,menu_156
157,menu_157
158,menu_158
159,menu_159
160,menu_160
161,menu_161
162,menu_162
163,menu_163
164,menu_164
165,menu_165
166,menu_166
167,menu_167
168,menu_168
169,menu_169
170,menu_170
171,menu_171
172,menu_172
173,menu_173
174,menu_174
175,menu_175
176,menu_176
177,menu_177
178,menu_178
179,menu_179
180,menu_180
181,menu_181
182,menu_182
183,menu_183
184,menu_184
185,menu_185
186,menu_186
187,menu_187
188,menu_188
189,menu_189
190,menu_190
191,menu_191
192,menu_192
193,menu_193
194,menu_194
195,menu_195
196,menu_196
197,menu_197
198,menu_198
199,menu_199
200,menu_200