id_modelu,nazwa_modelu
1,Model_1
2,Model_2
3,Model_3
4,Model_4
5,Model_5
6,Model_6
7,Model_7
8,Model_8
9,Model_9
10,Model_10
11,Model_11
12,Model_12
13,Model_13
14,Model_14
15,Model_15
16,Model_16
17,Model_17
18,Model_18
19,Model_19
20,Model_20
21,Model_21
22,Model_22
23,Model_23
24,Model_24
25,Model_25
26,Model_26
27,Model_27
28,Model_28
29,Model_29
30,Model_30
31,Model_31
32,Model_32
33,Model_33
34,Model_34
35,Model_35
36,Model_36
37,Model_37
38,Model_38
39,Model_39
40,Model_40
41,Model_41
42,Model_42
43,Model_43
44,Model_44
45,Model_45
46,Model_46
47,Model_47
48,Model_48
49,Model_49
50,Model_50
51,Model_51
52,Model_52
53,Model_53
54,Model_54
55,Model_55
56,Model_56
57,Model_57
58,Model_58
59,Model_59
60,Model_60
61,Model_61
62,Model_62
63,Model_63
64,Model_64
65,Model_65
66,Model_66
67,Model_67
68,Model_68
69,Model_69
70,Model_70
71,Model_71
72,Model_72
73,Model_73
74,Model_74
75,Model_75
76,Model_76
77,Model_77
78,Model_78
79,Model_79
80,Model_80
81,Model_81
82,Model_82
83,Model_83
84,Model_84
85,Model_85
86,Model_86
87,Model_87
88,Model_88
89,Model_89
90,Model_90
91,Model_91
92,Model_92
93,Model_93
94,Model_94
95,Model_95
96,Model_96
97,Model_97
98,Model_98
99,Model_99
100,Model_100
101,Model_101
102,Model_102
103,Model_103
104,Model_104
105,Model_105
106,Model_106
107,Model_107
108,Model_108
109,Model_109
110,Model_110
111,Model_111
112,Model_112
113,Model_113
114,Model_114
115,Model_115
116,Model_116
117,Model_117
118,Model_118
119,Model_119
120,Model_120
121,Model_121
122,Model_122
123,Model_123
124,Model_124
125,Model_125
126,Model_126
127,Model_127
128,Model_128
129,Model_129
130,Model_130
131,Model_131
132,Model_132
133,Model_133
134,Model_134
135,Model_135
136,Model_136
137,Model_137
138,Model_138
139,Model_139
140,Model_140
141,Model_141
142,Model_142
143,Model_143
144,Model_144
145,Model_145
146,Model_146
147,Model_147
148,Model_148
149,Model_149
150,Model_150
151,Model_151
152,Model_152
153,Model_153
154,Model_154
155,Model_155
156,Model_156
157,Model_157
158,Model_158
159,Model_159
160,Model_160
161,Model_161
162,Model_162
163,Model_163
164,Model_164
165,Model_165
166,Model_166
167,Model_167
168,Model_168
169,Model_169
170,Model_170
171,Model_171
172,Model_172
173,Model_173
174,Model_174
175,Model_175
176,Model_176
177,Model_177
178,Model_178
179,Model_179
180,Model_180
181,Model_181
182,Model_182
183,Model_183
184,Model_184
185,Model_185
186,Model_186
187,Model_187
188,Model_188
189,Model_189
190,Model_190
191,Model_191
192,Model_192
193,Model_193
194,Model_194
195,Model_195
196,Model_196
197,Model_197
198,Model_198
199,Model_199
200,Model_200
201,Model_201
202,Model_202
203,Model_203
204,Model_204
205,Model_205
206,Model_206
207,Model_207
208,Model_208
209,Model_209
210,Model_210
211,Model_211
212,Model_212
213,Model_213
214,Model_214
215,Model_215
216,Model_216
217,Model_217
218,Model_218
219,Model_219
220,Model_220
221,Model_221
222,Model_222
223,Model_223
224,Model_224
225,Model_225
226,Model_226
227,Model_227
228,Model_228
229,Model_229
230,Model_230
231,Model_231
232,Model_232
233,Model_233
234,Model_234
235,Model_235
236,Model_236
237,Model_237
238,Model_238
239,Model_239
240,Model_240
241,Model_241
242,Model_242
243,Model_243
244,Model_244
245,Model_245
246,Model_246
247,Model_247
248,Model_248
249,Model_249
250,Model_250
251,Model_251
252,Model_252
253,Model_253
254,Model_254
255,Model_255
256,Model_256
257,Model_257
258,Model_258
259,Model_259
260,Model_260
261,Model_261
262,Model_262
263,Model_263
264,Model_264
265,Model_265
266,Model_266
267,Model_267
268,Model_268
269,Model_269
270,Model_270