id_produktu,nazwa_produktu,cena_produktu,id_typ_produktu,id_dostawcy
1,nazwa_produktu_1,17,33,53
2,nazwa_produktu_2,79,194,27
3,nazwa_produktu_3,29,247,48
4,nazwa_produktu_4,89,29,117
5,nazwa_produktu_5,91,293,56
6,nazwa_produktu_6,90,359,10
7,nazwa_produktu_7,97,31,102
8,nazwa_produktu_8,47,131,103
9,nazwa_produktu_9,44,67,41
10,nazwa_produktu_10,71,323,130
11,nazwa_produktu_11,42,170,107
12,nazwa_produktu_12,30,75,123
13,nazwa_produktu_13,92,196,36
14,nazwa_produktu_14,27,1,117
15,nazwa_produktu_15,15,392,82
16,nazwa_produktu_16,36,395,139
17,nazwa_produktu_17,47,351,49
18,nazwa_produktu_18,107,153,80
19,nazwa_produktu_19,67,43,139
20,nazwa_produktu_20,56,139,27
21,nazwa_produktu_21,102,287,132
22,nazwa_produktu_22,37,163,2
23,nazwa_produktu_23,37,328,69
24,nazwa_produktu_24,17,59,61
25,nazwa_produktu_25,39,392,31
26,nazwa_produktu_26,13,152,77
27,nazwa_produktu_27,15,164,8
28,nazwa_produktu_28,30,54,1
29,nazwa_produktu_29,34,23,27
30,nazwa_produktu_30,12,38,78
31,nazwa_produktu_31,81,175,48
32,nazwa_produktu_32,42,1,135
33,nazwa_produktu_33,6,384,38
34,nazwa_produktu_34,63,141,112
35,nazwa_produktu_35,10,181,23
36,nazwa_produktu_36,42,71,105
37,nazwa_produktu_37,25,39,107
38,nazwa_produktu_38,28,355,22
39,nazwa_produktu_39,33,283,2
40,nazwa_produktu_40,36,169,39
41,nazwa_produktu_41,17,320,131
42,nazwa_produktu_42,30,96,55
43,nazwa_produktu_43,61,126,98
44,nazwa_produktu_44,88,222,109
45,nazwa_produktu_45,57,168,87
46,nazwa_produktu_46,36,312,44
47,nazwa_produktu_47,13,277,69
48,nazwa_produktu_48,39,106,116
49,nazwa_produktu_49,109,17,3
50,nazwa_produktu_50,6,373,109
51,nazwa_produktu_51,82,206,118
52,nazwa_produktu_52,16,18,88
53,nazwa_produktu_53,70,335,11
54,nazwa_produktu_54,66,93,41
55,nazwa_produktu_55,81,56,29
56,nazwa_produktu_56,85,295,81
57,nazwa_produktu_57,94,269,97
58,nazwa_produktu_58,16,153,123
59,nazwa_produktu_59,34,61,105
60,nazwa_produktu_60,108,394,97
61,nazwa_produktu_61,14,327,17
62,nazwa_produktu_62,57,371,27
63,nazwa_produktu_63,46,302,23
64,nazwa_produktu_64,48,111,24
65,nazwa_produktu_65,52,191,13
66,nazwa_produktu_66,96,207,66
67,nazwa_produktu_67,24,284,89
68,nazwa_produktu_68,57,323,94
69,nazwa_produktu_69,81,208,84
70,nazwa_produktu_70,101,382,126
71,nazwa_produktu_71,54,352,111
72,nazwa_produktu_72,51,231,78
73,nazwa_produktu_73,29,344,107
74,nazwa_produktu_74,44,178,95
75,nazwa_produktu_75,69,330,30
76,nazwa_produktu_76,43,224,49
77,nazwa_produktu_77,60,382,1
78,nazwa_produktu_78,38,184,81
79,nazwa_produktu_79,5,184,102
80,nazwa_produktu_80,8,287,19
81,nazwa_produktu_81,64,123,52
82,nazwa_produktu_82,24,265,74
83,nazwa_produktu_83,67,206,46
84,nazwa_produktu_84,39,372,72
85,nazwa_produktu_85,28,46,13
86,nazwa_produktu_86,105,69,7
87,nazwa_produktu_87,18,189,107
88,nazwa_produktu_88,91,226,132
89,nazwa_produktu_89,66,392,62
90,nazwa_produktu_90,19,114,101
91,nazwa_produktu_91,49,252,99
92,nazwa_produktu_92,25,252,3
93,nazwa_produktu_93,5,76,58
94,nazwa_produktu_94,24,157,26
95,nazwa_produktu_95,56,75,110
96,nazwa_produktu_96,46,344,58
97,nazwa_produktu_97,110,44,138
98,nazwa_produktu_98,13,207,43
99,nazwa_produktu_99,25,237,34
100,nazwa_produktu_100,67,46,49
101,nazwa_produktu_101,82,63,90
102,nazwa_produktu_102,100,126,27
103,nazwa_produktu_103,11,364,61
104,nazwa_produktu_104,15,277,123
105,nazwa_produktu_105,50,77,49
106,nazwa_produktu_106,87,344,105
107,nazwa_produktu_107,94,249,25
108,nazwa_produktu_108,13,11,23
109,nazwa_produktu_109,87,144,42
110,nazwa_produktu_110,71,325,43
111,nazwa_produktu_111,13,42,114
112,nazwa_produktu_112,110,103,96
113,nazwa_produktu_113,56,59,92
114,nazwa_produktu_114,63,321,89
115,nazwa_produktu_115,75,14,4
116,nazwa_produktu_116,38,329,104
117,nazwa_produktu_117,31,350,6
118,nazwa_produktu_118,62,6,64
119,nazwa_produktu_119,96,18,57
120,nazwa_produktu_120,82,36,86
121,nazwa_produktu_121,63,374,75
122,nazwa_produktu_122,38,380,139
123,nazwa_produktu_123,109,139,44
124,nazwa_produktu_124,64,188,35
125,nazwa_produktu_125,38,319,125
126,nazwa_produktu_126,92,130,104
127,nazwa_produktu_127,88,150,14
128,nazwa_produktu_128,77,82,18
129,nazwa_produktu_129,101,125,24
130,nazwa_produktu_130,9,356,136
131,nazwa_produktu_131,88,83,35
132,nazwa_produktu_132,53,76,26
133,nazwa_produktu_133,84,288,124
134,nazwa_produktu_134,92,290,124
135,nazwa_produktu_135,85,93,2
136,nazwa_produktu_136,71,320,58
137,nazwa_produktu_137,88,282,118
138,nazwa_produktu_138,101,84,57
139,nazwa_produktu_139,24,176,3
140,nazwa_produktu_140,12,246,82
141,nazwa_produktu_141,5,10,9
142,nazwa_produktu_142,105,185,136
143,nazwa_produktu_143,86,338,54
144,nazwa_produktu_144,81,187,58
145,nazwa_produktu_145,49,153,50
146,nazwa_produktu_146,56,186,54
147,nazwa_produktu_147,11,285,53
148,nazwa_produktu_148,61,337,103
149,nazwa_produktu_149,55,332,118
150,nazwa_produktu_150,56,215,18
151,nazwa_produktu_151,66,282,118
152,nazwa_produktu_152,78,32,37
153,nazwa_produktu_153,18,163,23
154,nazwa_produktu_154,105,22,140
155,nazwa_produktu_155,59,232,73
156,nazwa_produktu_156,88,102,65
157,nazwa_produktu_157,75,247,14
158,nazwa_produktu_158,64,213,140
159,nazwa_produktu_159,53,302,109
160,nazwa_produktu_160,45,311,107
161,nazwa_produktu_161,19,28,14
162,nazwa_produktu_162,8,102,115
163,nazwa_produktu_163,69,387,90
164,nazwa_produktu_164,38,38,45
165,nazwa_produktu_165,48,375,82
166,nazwa_produktu_166,6,282,13
167,nazwa_produktu_167,73,82,89
168,nazwa_produktu_168,17,292,124
169,nazwa_produktu_169,69,296,125
170,nazwa_produktu_170,24,352,104
171,nazwa_produktu_171,90,122,77
172,nazwa_produktu_172,93,61,28
173,nazwa_produktu_173,63,297,61
174,nazwa_produktu_174,97,174,61
175,nazwa_produktu_175,98,359,50
176,nazwa_produktu_176,63,242,66
177,nazwa_produktu_177,102,151,136
178,nazwa_produktu_178,30,141,39
179,nazwa_produktu_179,110,358,31
180,nazwa_produktu_180,32,23,25
181,nazwa_produktu_181,51,68,129
182,nazwa_produktu_182,78,151,8
183,nazwa_produktu_183,23,135,35
184,nazwa_produktu_184,102,369,64
185,nazwa_produktu_185,60,52,34
186,nazwa_produktu_186,55,42,75
187,nazwa_produktu_187,95,85,32
188,nazwa_produktu_188,59,15,89
189,nazwa_produktu_189,40,355,107
190,nazwa_produktu_190,13,380,38
191,nazwa_produktu_191,84,320,9
192,nazwa_produktu_192,96,277,69
193,nazwa_produktu_193,68,296,114
194,nazwa_produktu_194,110,250,37
195,nazwa_produktu_195,41,92,49
196,nazwa_produktu_196,110,53,135
197,nazwa_produktu_197,72,121,79
198,nazwa_produktu_198,107,12,103
199,nazwa_produktu_199,76,66,10
200,nazwa_produktu_200,35,26,88
201,nazwa_produktu_201,50,289,119
202,nazwa_produktu_202,69,225,116
203,nazwa_produktu_203,19,393,132
204,nazwa_produktu_204,82,90,61
205,nazwa_produktu_205,41,98,22
206,nazwa_produktu_206,61,378,117
207,nazwa_produktu_207,90,144,44
208,nazwa_produktu_208,94,343,73
209,nazwa_produktu_209,42,195,139
210,nazwa_produktu_210,94,277,10
211,nazwa_produktu_211,51,370,97
212,nazwa_produktu_212,57,157,135
213,nazwa_produktu_213,33,370,17
214,nazwa_produktu_214,100,51,111
215,nazwa_produktu_215,95,220,65
216,nazwa_produktu_216,20,74,46
217,nazwa_produktu_217,54,371,24
218,nazwa_produktu_218,76,280,30
219,nazwa_produktu_219,82,326,132
220,nazwa_produktu_220,58,159,123
221,nazwa_produktu_221,101,113,72
222,nazwa_produktu_222,109,31,74
223,nazwa_produktu_223,97,201,117
224,nazwa_produktu_224,67,231,18
225,nazwa_produktu_225,71,39,82
226,nazwa_produktu_226,14,400,61
227,nazwa_produktu_227,8,78,98
228,nazwa_produktu_228,49,152,139
229,nazwa_produktu_229,110,12,102
230,nazwa_produktu_230,110,182,47
231,nazwa_produktu_231,49,289,87
232,nazwa_produktu_232,64,125,111
233,nazwa_produktu_233,49,6,28
234,nazwa_produktu_234,67,55,98
235,nazwa_produktu_235,97,274,140
236,nazwa_produktu_236,85,9,67
237,nazwa_produktu_237,11,396,140
238,nazwa_produktu_238,72,174,94
239,nazwa_produktu_239,19,122,36
240,nazwa_produktu_240,50,331,48
241,nazwa_produktu_241,6,298,27
242,nazwa_produktu_242,33,182,138
243,nazwa_produktu_243,21,261,35
244,nazwa_produktu_244,7,310,58
245,nazwa_produktu_245,77,219,122
246,nazwa_produktu_246,109,279,116
247,nazwa_produktu_247,60,239,72
248,nazwa_produktu_248,42,169,58
249,nazwa_produktu_249,22,98,133
250,nazwa_produktu_250,15,15,2
251,nazwa_produktu_251,56,395,95
252,nazwa_produktu_252,7,364,1
253,nazwa_produktu_253,16,123,122
254,nazwa_produktu_254,45,254,20
255,nazwa_produktu_255,28,46,128
256,nazwa_produktu_256,20,278,47
257,nazwa_produktu_257,90,266,109
258,nazwa_produktu_258,50,70,8
259,nazwa_produktu_259,77,23,19
260,nazwa_produktu_260,36,188,112
261,nazwa_produktu_261,51,113,124
262,nazwa_produktu_262,19,277,5
263,nazwa_produktu_263,8,128,33
264,nazwa_produktu_264,57,137,118
265,nazwa_produktu_265,97,29,39
266,nazwa_produktu_266,109,328,72
267,nazwa_produktu_267,56,15,101
268,nazwa_produktu_268,67,170,61
269,nazwa_produktu_269,79,82,39
270,nazwa_produktu_270,78,354,23
271,nazwa_produktu_271,50,65,63
272,nazwa_produktu_272,30,111,81
273,nazwa_produktu_273,56,321,12
274,nazwa_produktu_274,87,316,40
275,nazwa_produktu_275,94,82,4
276,nazwa_produktu_276,82,218,105
277,nazwa_produktu_277,37,312,85
278,nazwa_produktu_278,53,368,42
279,nazwa_produktu_279,47,223,51
280,nazwa_produktu_280,88,96,115
281,nazwa_produktu_281,56,354,67
282,nazwa_produktu_282,85,278,20
283,nazwa_produktu_283,15,372,12
284,nazwa_produktu_284,55,338,37
285,nazwa_produktu_285,94,389,62
286,nazwa_produktu_286,86,197,117
287,nazwa_produktu_287,88,58,82
288,nazwa_produktu_288,68,128,5
289,nazwa_produktu_289,99,109,3
290,nazwa_produktu_290,16,333,83
291,nazwa_produktu_291,11,156,22
292,nazwa_produktu_292,18,246,51
293,nazwa_produktu_293,21,258,105
294,nazwa_produktu_294,43,264,130
295,nazwa_produktu_295,57,11,119
296,nazwa_produktu_296,40,29,47
297,nazwa_produktu_297,10,321,27
298,nazwa_produktu_298,55,216,2
299,nazwa_produktu_299,90,110,3
300,nazwa_produktu_300,96,139,102
301,nazwa_produktu_301,28,63,109
302,nazwa_produktu_302,51,138,119
303,nazwa_produktu_303,34,130,94
304,nazwa_produktu_304,39,59,119
305,nazwa_produktu_305,36,49,101
306,nazwa_produktu_306,69,292,137
307,nazwa_produktu_307,71,6,63
308,nazwa_produktu_308,30,42,114
309,nazwa_produktu_309,25,295,57
310,nazwa_produktu_310,39,162,125
311,nazwa_produktu_311,98,304,119
312,nazwa_produktu_312,27,241,75
313,nazwa_produktu_313,43,9,17
314,nazwa_produktu_314,18,246,10
315,nazwa_produktu_315,54,112,120
316,nazwa_produktu_316,42,62,57
317,nazwa_produktu_317,69,279,61
318,nazwa_produktu_318,17,331,131
319,nazwa_produktu_319,93,235,62
320,nazwa_produktu_320,110,142,14
321,nazwa_produktu_321,19,353,75
322,nazwa_produktu_322,53,340,89
323,nazwa_produktu_323,90,318,73
324,nazwa_produktu_324,44,355,86
325,nazwa_produktu_325,83,340,35
326,nazwa_produktu_326,105,375,83
327,nazwa_produktu_327,18,240,7
328,nazwa_produktu_328,106,160,125
329,nazwa_produktu_329,35,83,2
330,nazwa_produktu_330,16,233,37
331,nazwa_produktu_331,103,284,110
332,nazwa_produktu_332,78,131,104
333,nazwa_produktu_333,62,283,112
334,nazwa_produktu_334,73,290,66
335,nazwa_produktu_335,66,5,81
336,nazwa_produktu_336,108,309,4
337,nazwa_produktu_337,87,172,94
338,nazwa_produktu_338,90,59,125
339,nazwa_produktu_339,84,33,140
340,nazwa_produktu_340,84,331,1
341,nazwa_produktu_341,68,105,128
342,nazwa_produktu_342,11,259,1
343,nazwa_produktu_343,71,183,138
344,nazwa_produktu_344,42,155,17
345,nazwa_produktu_345,63,181,72
346,nazwa_produktu_346,34,157,126
347,nazwa_produktu_347,102,80,52
348,nazwa_produktu_348,40,272,132
349,nazwa_produktu_349,12,189,50
350,nazwa_produktu_350,28,220,119
351,nazwa_produktu_351,90,166,58
352,nazwa_produktu_352,29,81,42
353,nazwa_produktu_353,86,260,113
354,nazwa_produktu_354,62,355,74
355,nazwa_produktu_355,87,321,104
356,nazwa_produktu_356,106,296,140
357,nazwa_produktu_357,72,302,7
358,nazwa_produktu_358,23,210,120
359,nazwa_produktu_359,37,311,122
360,nazwa_produktu_360,103,156,61
361,nazwa_produktu_361,29,104,32
362,nazwa_produktu_362,16,190,74
363,nazwa_produktu_363,44,175,14
364,nazwa_produktu_364,51,147,105
365,nazwa_produktu_365,88,34,75
366,nazwa_produktu_366,12,342,6
367,nazwa_produktu_367,19,156,61
368,nazwa_produktu_368,23,164,113
369,nazwa_produktu_369,28,158,41
370,nazwa_produktu_370,48,379,123
371,nazwa_produktu_371,64,201,52
372,nazwa_produktu_372,12,81,76
373,nazwa_produktu_373,9,210,73
374,nazwa_produktu_374,107,155,25
375,nazwa_produktu_375,106,305,55
376,nazwa_produktu_376,83,82,72
377,nazwa_produktu_377,63,43,93
378,nazwa_produktu_378,44,311,127
379,nazwa_produktu_379,5,282,82
380,nazwa_produktu_380,82,242,94
381,nazwa_produktu_381,102,110,136
382,nazwa_produktu_382,40,390,114
383,nazwa_produktu_383,61,129,7
384,nazwa_produktu_384,10,360,65
385,nazwa_produktu_385,80,98,60
386,nazwa_produktu_386,105,83,38
387,nazwa_produktu_387,68,5,105
388,nazwa_produktu_388,104,320,49
389,nazwa_produktu_389,85,221,48
390,nazwa_produktu_390,28,321,124
391,nazwa_produktu_391,52,333,138
392,nazwa_produktu_392,104,283,102
393,nazwa_produktu_393,57,13,60
394,nazwa_produktu_394,109,51,76
395,nazwa_produktu_395,51,116,117
396,nazwa_produktu_396,86,10,4
397,nazwa_produktu_397,83,369,93
398,nazwa_produktu_398,75,305,34
399,nazwa_produktu_399,50,369,140
400,nazwa_produktu_400,35,384,74
401,nazwa_produktu_401,29,231,31
402,nazwa_produktu_402,90,207,49
403,nazwa_produktu_403,74,91,104
404,nazwa_produktu_404,8,97,124
405,nazwa_produktu_405,66,348,102
406,nazwa_produktu_406,76,84,107
407,nazwa_produktu_407,54,326,14
408,nazwa_produktu_408,68,180,28
409,nazwa_produktu_409,84,318,34
410,nazwa_produktu_410,42,173,52
411,nazwa_produktu_411,55,100,27
412,nazwa_produktu_412,18,78,66
413,nazwa_produktu_413,106,290,80
414,nazwa_produktu_414,110,294,119
415,nazwa_produktu_415,75,283,16
416,nazwa_produktu_416,50,189,132
417,nazwa_produktu_417,74,168,37
418,nazwa_produktu_418,89,301,91
419,nazwa_produktu_419,56,196,124
420,nazwa_produktu_420,61,354,133
421,nazwa_produktu_421,51,105,123
422,nazwa_produktu_422,43,309,63
423,nazwa_produktu_423,33,152,139
424,nazwa_produktu_424,41,122,10
425,nazwa_produktu_425,47,30,36
426,nazwa_produktu_426,96,85,130
427,nazwa_produktu_427,103,20,50
428,nazwa_produktu_428,101,303,43
429,nazwa_produktu_429,62,221,25
430,nazwa_produktu_430,12,90,140
431,nazwa_produktu_431,74,1,102
432,nazwa_produktu_432,5,394,29
433,nazwa_produktu_433,43,248,19
434,nazwa_produktu_434,47,174,8
435,nazwa_produktu_435,50,38,56
436,nazwa_produktu_436,7,56,67
437,nazwa_produktu_437,40,364,121
438,nazwa_produktu_438,105,162,117
439,nazwa_produktu_439,98,85,65
440,nazwa_produktu_440,23,244,80
441,nazwa_produktu_441,105,87,21
442,nazwa_produktu_442,100,382,94
443,nazwa_produktu_443,70,222,140
444,nazwa_produktu_444,32,297,45
445,nazwa_produktu_445,51,397,57
446,nazwa_produktu_446,20,380,139
447,nazwa_produktu_447,35,367,51
448,nazwa_produktu_448,10,227,37
449,nazwa_produktu_449,33,327,115
450,nazwa_produktu_450,109,187,86
451,nazwa_produktu_451,47,165,12
452,nazwa_produktu_452,37,113,125
453,nazwa_produktu_453,61,174,39
454,nazwa_produktu_454,46,215,65
455,nazwa_produktu_455,34,169,14
456,nazwa_produktu_456,19,140,48
457,nazwa_produktu_457,15,20,82
458,nazwa_produktu_458,6,325,124
459,nazwa_produktu_459,106,360,80
460,nazwa_produktu_460,23,201,55
461,nazwa_produktu_461,81,215,73
462,nazwa_produktu_462,46,225,48
463,nazwa_produktu_463,10,323,25
464,nazwa_produktu_464,57,374,124
465,nazwa_produktu_465,7,278,106
466,nazwa_produktu_466,53,164,12
467,nazwa_produktu_467,79,40,77
468,nazwa_produktu_468,98,65,99
469,nazwa_produktu_469,36,354,135
470,nazwa_produktu_470,83,29,51
471,nazwa_produktu_471,20,275,67
472,nazwa_produktu_472,26,334,75
473,nazwa_produktu_473,107,88,50
474,nazwa_produktu_474,69,53,83
475,nazwa_produktu_475,77,281,83
476,nazwa_produktu_476,29,319,81
477,nazwa_produktu_477,79,390,59
478,nazwa_produktu_478,59,259,112
479,nazwa_produktu_479,103,294,83
480,nazwa_produktu_480,24,130,14
481,nazwa_produktu_481,79,22,119
482,nazwa_produktu_482,79,351,131
483,nazwa_produktu_483,35,386,49
484,nazwa_produktu_484,68,115,93
485,nazwa_produktu_485,101,57,73
486,nazwa_produktu_486,29,15,113
487,nazwa_produktu_487,56,260,130
488,nazwa_produktu_488,108,169,29
489,nazwa_produktu_489,96,244,136
490,nazwa_produktu_490,81,123,23
491,nazwa_produktu_491,21,59,27
492,nazwa_produktu_492,84,213,8
493,nazwa_produktu_493,46,179,125
494,nazwa_produktu_494,15,273,75
495,nazwa_produktu_495,54,165,99
496,nazwa_produktu_496,97,265,21
497,nazwa_produktu_497,64,75,15
498,nazwa_produktu_498,37,196,15
499,nazwa_produktu_499,82,362,59
500,nazwa_produktu_500,103,328,15
501,nazwa_produktu_501,41,103,128
502,nazwa_produktu_502,54,192,88
503,nazwa_produktu_503,93,12,28
504,nazwa_produktu_504,71,295,57
505,nazwa_produktu_505,74,117,131
506,nazwa_produktu_506,52,186,126
507,nazwa_produktu_507,86,181,27
508,nazwa_produktu_508,93,250,69
509,nazwa_produktu_509,109,275,34
510,nazwa_produktu_510,21,175,9
511,nazwa_produktu_511,76,49,131
512,nazwa_produktu_512,81,198,59
513,nazwa_produktu_513,42,12,38
514,nazwa_produktu_514,27,367,13
515,nazwa_produktu_515,82,194,63
516,nazwa_produktu_516,39,386,136
517,nazwa_produktu_517,10,79,110
518,nazwa_produktu_518,104,9,48
519,nazwa_produktu_519,48,400,95
520,nazwa_produktu_520,70,374,90
521,nazwa_produktu_521,75,212,50
522,nazwa_produktu_522,41,199,37
523,nazwa_produktu_523,8,65,40
524,nazwa_produktu_524,84,214,35
525,nazwa_produktu_525,79,366,125
526,nazwa_produktu_526,39,147,55
527,nazwa_produktu_527,15,62,54
528,nazwa_produktu_528,96,67,134
529,nazwa_produktu_529,77,257,3
530,nazwa_produktu_530,73,202,129
531,nazwa_produktu_531,44,247,80
532,nazwa_produktu_532,42,99,120
533,nazwa_produktu_533,62,219,128
534,nazwa_produktu_534,66,268,125
535,nazwa_produktu_535,83,110,75
536,nazwa_produktu_536,76,182,1
537,nazwa_produktu_537,11,134,57
538,nazwa_produktu_538,57,365,24
539,nazwa_produktu_539,81,335,122
540,nazwa_produktu_540,33,368,4
541,nazwa_produktu_541,63,376,54
542,nazwa_produktu_542,44,168,113
543,nazwa_produktu_543,73,80,62
544,nazwa_produktu_544,53,326,132
545,nazwa_produktu_545,99,193,36
546,nazwa_produktu_546,95,396,55
547,nazwa_produktu_547,85,343,125
548,nazwa_produktu_548,95,77,121
549,nazwa_produktu_549,110,246,61
550,nazwa_produktu_550,88,116,31
551,nazwa_produktu_551,39,183,63
552,nazwa_produktu_552,61,330,94
553,nazwa_produktu_553,106,31,138
554,nazwa_produktu_554,72,5,121
555,nazwa_produktu_555,73,238,138
556,nazwa_produktu_556,49,383,60
557,nazwa_produktu_557,67,362,45
558,nazwa_produktu_558,39,333,131
559,nazwa_produktu_559,71,102,25
560,nazwa_produktu_560,84,232,99
561,nazwa_produktu_561,11,386,124
562,nazwa_produktu_562,31,311,27
563,nazwa_produktu_563,66,325,67
564,nazwa_produktu_564,88,353,64
565,nazwa_produktu_565,76,183,14
566,nazwa_produktu_566,38,127,48
567,nazwa_produktu_567,83,46,30
568,nazwa_produktu_568,110,383,8
569,nazwa_produktu_569,95,259,42
570,nazwa_produktu_570,93,370,122
571,nazwa_produktu_571,60,399,121
572,nazwa_produktu_572,7,312,117
573,nazwa_produktu_573,5,96,102
574,nazwa_produktu_574,91,145,68
575,nazwa_produktu_575,69,199,121
576,nazwa_produktu_576,78,252,113
577,nazwa_produktu_577,55,333,93
578,nazwa_produktu_578,36,126,50
579,nazwa_produktu_579,103,65,15
580,nazwa_produktu_580,33,373,7
581,nazwa_produktu_581,53,143,48
582,nazwa_produktu_582,84,66,58
583,nazwa_produktu_583,84,39,126
584,nazwa_produktu_584,82,196,51
585,nazwa_produktu_585,91,263,87
586,nazwa_produktu_586,38,374,76
587,nazwa_produktu_587,56,335,80
588,nazwa_produktu_588,84,239,37
589,nazwa_produktu_589,83,104,45
590,nazwa_produktu_590,25,200,27
591,nazwa_produktu_591,50,268,52
592,nazwa_produktu_592,63,170,75
593,nazwa_produktu_593,29,337,91
594,nazwa_produktu_594,92,23,67
595,nazwa_produktu_595,15,319,57
596,nazwa_produktu_596,21,137,99
597,nazwa_produktu_597,7,79,62
598,nazwa_produktu_598,89,332,28
599,nazwa_produktu_599,101,235,1
600,nazwa_produktu_600,33,246,112
601,nazwa_produktu_601,10,81,135
602,nazwa_produktu_602,88,275,95
603,nazwa_produktu_603,80,101,40
604,nazwa_produktu_604,6,367,79
605,nazwa_produktu_605,103,384,35
606,nazwa_produktu_606,88,45,70
607,nazwa_produktu_607,108,174,97
608,nazwa_produktu_608,7,306,75
609,nazwa_produktu_609,35,90,86
610,nazwa_produktu_610,13,195,54
611,nazwa_produktu_611,74,226,128
612,nazwa_produktu_612,95,304,69
613,nazwa_produktu_613,35,114,56
614,nazwa_produktu_614,21,91,74
615,nazwa_produktu_615,21,158,9
616,nazwa_produktu_616,104,387,13
617,nazwa_produktu_617,25,272,135
618,nazwa_produktu_618,101,275,101
619,nazwa_produktu_619,70,291,98
620,nazwa_produktu_620,27,179,74
621,nazwa_produktu_621,93,191,99
622,nazwa_produktu_622,97,26,51
623,nazwa_produktu_623,28,88,36
624,nazwa_produktu_624,52,43,122
625,nazwa_produktu_625,78,185,12
626,nazwa_produktu_626,22,296,69
627,nazwa_produktu_627,49,54,61
628,nazwa_produktu_628,83,243,133
629,nazwa_produktu_629,50,36,135
630,nazwa_produktu_630,33,283,28
631,nazwa_produktu_631,99,398,36
632,nazwa_produktu_632,97,398,118
633,nazwa_produktu_633,104,55,90
634,nazwa_produktu_634,41,261,7
635,nazwa_produktu_635,28,177,138
636,nazwa_produktu_636,110,48,54
637,nazwa_produktu_637,78,295,139
638,nazwa_produktu_638,100,111,128
639,nazwa_produktu_639,104,26,67
640,nazwa_produktu_640,48,258,25
641,nazwa_produktu_641,32,345,56
642,nazwa_produktu_642,38,122,87
643,nazwa_produktu_643,89,189,37
644,nazwa_produktu_644,84,257,36
645,nazwa_produktu_645,18,160,47
646,nazwa_produktu_646,66,121,118
647,nazwa_produktu_647,5,312,71
648,nazwa_produktu_648,106,150,1
649,nazwa_produktu_649,56,278,53
650,nazwa_produktu_650,92,73,120
651,nazwa_produktu_651,12,201,132
652,nazwa_produktu_652,88,310,33
653,nazwa_produktu_653,108,304,76
654,nazwa_produktu_654,43,307,19
655,nazwa_produktu_655,87,376,5
656,nazwa_produktu_656,57,265,38
657,nazwa_produktu_657,40,174,41
658,nazwa_produktu_658,57,121,82
659,nazwa_produktu_659,109,168,116
660,nazwa_produktu_660,64,157,70
661,nazwa_produktu_661,60,171,13
662,nazwa_produktu_662,77,62,33
663,nazwa_produktu_663,57,35,81
664,nazwa_produktu_664,101,373,44
665,nazwa_produktu_665,32,203,110
666,nazwa_produktu_666,100,113,10
667,nazwa_produktu_667,42,204,98
668,nazwa_produktu_668,31,390,110
669,nazwa_produktu_669,67,61,41
670,nazwa_produktu_670,102,51,61
671,nazwa_produktu_671,100,25,54
672,nazwa_produktu_672,54,267,111
673,nazwa_produktu_673,16,226,85
674,nazwa_produktu_674,88,339,15
675,nazwa_produktu_675,58,365,18
676,nazwa_produktu_676,108,389,83
677,nazwa_produktu_677,34,123,100
678,nazwa_produktu_678,8,274,82
679,nazwa_produktu_679,105,172,91
680,nazwa_produktu_680,32,236,112
681,nazwa_produktu_681,47,309,112
682,nazwa_produktu_682,75,78,127
683,nazwa_produktu_683,60,6,79
684,nazwa_produktu_684,29,191,10
685,nazwa_produktu_685,54,113,6
686,nazwa_produktu_686,27,383,41
687,nazwa_produktu_687,9,280,3
688,nazwa_produktu_688,59,305,61
689,nazwa_produktu_689,6,396,63
690,nazwa_produktu_690,24,3,80
691,nazwa_produktu_691,73,114,85
692,nazwa_produktu_692,102,330,51
693,nazwa_produktu_693,41,224,49
694,nazwa_produktu_694,56,372,38
695,nazwa_produktu_695,68,194,122
696,nazwa_produktu_696,53,333,32
697,nazwa_produktu_697,75,120,87
698,nazwa_produktu_698,22,31,69
699,nazwa_produktu_699,15,132,64
700,nazwa_produktu_700,51,335,76
701,nazwa_produktu_701,20,248,32
702,nazwa_produktu_702,96,311,93
703,nazwa_produktu_703,21,385,136
704,nazwa_produktu_704,7,331,12
705,nazwa_produktu_705,67,235,71
706,nazwa_produktu_706,20,323,21
707,nazwa_produktu_707,32,79,110
708,nazwa_produktu_708,69,333,39
709,nazwa_produktu_709,102,377,33
710,nazwa_produktu_710,47,249,71
711,nazwa_produktu_711,40,130,59
712,nazwa_produktu_712,99,75,98
713,nazwa_produktu_713,109,52,132
714,nazwa_produktu_714,89,5,4
715,nazwa_produktu_715,18,75,72
716,nazwa_produktu_716,73,265,2
717,nazwa_produktu_717,83,300,86
718,nazwa_produktu_718,30,349,84
719,nazwa_produktu_719,47,31,6
720,nazwa_produktu_720,39,378,80
721,nazwa_produktu_721,55,172,114
722,nazwa_produktu_722,63,343,95
723,nazwa_produktu_723,46,274,54
724,nazwa_produktu_724,36,134,35
725,nazwa_produktu_725,10,102,38
726,nazwa_produktu_726,72,181,72
727,nazwa_produktu_727,27,144,78
728,nazwa_produktu_728,10,94,13
729,nazwa_produktu_729,50,276,136
730,nazwa_produktu_730,44,333,13
731,nazwa_produktu_731,70,319,31
732,nazwa_produktu_732,86,11,9
733,nazwa_produktu_733,87,228,55
734,nazwa_produktu_734,42,242,76
735,nazwa_produktu_735,90,262,38
736,nazwa_produktu_736,109,236,53
737,nazwa_produktu_737,105,277,93
738,nazwa_produktu_738,51,18,135
739,nazwa_produktu_739,34,323,29
740,nazwa_produktu_740,33,216,30
741,nazwa_produktu_741,53,218,41
742,nazwa_produktu_742,10,19,89
743,nazwa_produktu_743,104,221,16
744,nazwa_produktu_744,65,250,100
745,nazwa_produktu_745,105,7,105
746,nazwa_produktu_746,25,125,70
747,nazwa_produktu_747,81,289,102
748,nazwa_produktu_748,29,198,38
749,nazwa_produktu_749,68,65,35
750,nazwa_produktu_750,61,275,121
751,nazwa_produktu_751,29,181,21
752,nazwa_produktu_752,20,49,127
753,nazwa_produktu_753,53,324,138
754,nazwa_produktu_754,12,318,117
755,nazwa_produktu_755,33,166,63
756,nazwa_produktu_756,46,327,101
757,nazwa_produktu_757,109,111,74
758,nazwa_produktu_758,103,65,120
759,nazwa_produktu_759,98,141,8
760,nazwa_produktu_760,52,250,110
761,nazwa_produktu_761,42,213,43
762,nazwa_produktu_762,85,59,33
763,nazwa_produktu_763,110,63,108
764,nazwa_produktu_764,48,128,125
765,nazwa_produktu_765,64,337,115
766,nazwa_produktu_766,31,363,14
767,nazwa_produktu_767,109,45,10
768,nazwa_produktu_768,38,2,107
769,nazwa_produktu_769,86,186,118
770,nazwa_produktu_770,98,175,82
771,nazwa_produktu_771,7,215,116
772,nazwa_produktu_772,93,165,36
773,nazwa_produktu_773,31,353,101
774,nazwa_produktu_774,94,224,50
775,nazwa_produktu_775,109,344,65
776,nazwa_produktu_776,13,270,19
777,nazwa_produktu_777,27,337,9
778,nazwa_produktu_778,58,124,135
779,nazwa_produktu_779,27,20,89
780,nazwa_produktu_780,37,112,57
781,nazwa_produktu_781,80,348,14
782,nazwa_produktu_782,77,325,49
783,nazwa_produktu_783,84,157,72
784,nazwa_produktu_784,34,133,73
785,nazwa_produktu_785,15,352,58
786,nazwa_produktu_786,80,57,28
787,nazwa_produktu_787,72,349,13
788,nazwa_produktu_788,55,11,97
789,nazwa_produktu_789,107,105,56
790,nazwa_produktu_790,61,49,69
791,nazwa_produktu_791,35,303,75
792,nazwa_produktu_792,69,192,97
793,nazwa_produktu_793,106,51,13
794,nazwa_produktu_794,28,78,95
795,nazwa_produktu_795,41,235,121
796,nazwa_produktu_796,22,258,66
797,nazwa_produktu_797,47,143,33
798,nazwa_produktu_798,55,336,64
799,nazwa_produktu_799,27,156,66
800,nazwa_produktu_800,47,36,80
801,nazwa_produktu_801,98,351,14
802,nazwa_produktu_802,98,376,136
803,nazwa_produktu_803,14,358,62
804,nazwa_produktu_804,46,323,46
805,nazwa_produktu_805,55,288,121
806,nazwa_produktu_806,26,260,98
807,nazwa_produktu_807,39,180,8
808,nazwa_produktu_808,99,42,38
809,nazwa_produktu_809,89,219,84
810,nazwa_produktu_810,46,55,119
811,nazwa_produktu_811,23,221,130
812,nazwa_produktu_812,66,325,106
813,nazwa_produktu_813,37,337,45
814,nazwa_produktu_814,28,172,47
815,nazwa_produktu_815,108,101,86
816,nazwa_produktu_816,12,288,57
817,nazwa_produktu_817,60,115,18
818,nazwa_produktu_818,69,128,125
819,nazwa_produktu_819,66,34,28
820,nazwa_produktu_820,7,93,22
821,nazwa_produktu_821,94,319,51
822,nazwa_produktu_822,87,352,127
823,nazwa_produktu_823,15,381,126
824,nazwa_produktu_824,105,239,8
825,nazwa_produktu_825,107,90,46
826,nazwa_produktu_826,36,291,98
827,nazwa_produktu_827,107,14,88
828,nazwa_produktu_828,39,23,26
829,nazwa_produktu_829,41,11,73
830,nazwa_produktu_830,18,226,3
831,nazwa_produktu_831,17,345,96
832,nazwa_produktu_832,66,175,4
833,nazwa_produktu_833,79,43,30
834,nazwa_produktu_834,32,366,58
835,nazwa_produktu_835,30,300,66
836,nazwa_produktu_836,55,154,102
837,nazwa_produktu_837,36,221,120
838,nazwa_produktu_838,69,79,121
839,nazwa_produktu_839,109,14,131
840,nazwa_produktu_840,5,250,64
841,nazwa_produktu_841,88,100,16
842,nazwa_produktu_842,12,195,11
843,nazwa_produktu_843,89,5,80
844,nazwa_produktu_844,82,385,11
845,nazwa_produktu_845,18,87,28
846,nazwa_produktu_846,48,117,137
847,nazwa_produktu_847,17,17,93
848,nazwa_produktu_848,12,322,108
849,nazwa_produktu_849,86,4,110
850,nazwa_produktu_850,102,309,3
851,nazwa_produktu_851,73,394,11
852,nazwa_produktu_852,56,51,20
853,nazwa_produktu_853,28,308,9
854,nazwa_produktu_854,24,228,137
855,nazwa_produktu_855,18,27,4
856,nazwa_produktu_856,96,256,86
857,nazwa_produktu_857,107,109,53
858,nazwa_produktu_858,43,139,51
859,nazwa_produktu_859,106,117,30
860,nazwa_produktu_860,95,383,91
861,nazwa_produktu_861,23,364,61
862,nazwa_produktu_862,96,275,140
863,nazwa_produktu_863,44,283,15
864,nazwa_produktu_864,108,42,31
865,nazwa_produktu_865,75,244,37
866,nazwa_produktu_866,90,280,23
867,nazwa_produktu_867,88,88,55
868,nazwa_produktu_868,59,263,104
869,nazwa_produktu_869,38,229,18
870,nazwa_produktu_870,28,74,4
871,nazwa_produktu_871,96,57,61
872,nazwa_produktu_872,14,23,42
873,nazwa_produktu_873,83,45,118
874,nazwa_produktu_874,22,198,2
875,nazwa_produktu_875,7,127,15
876,nazwa_produktu_876,17,209,64
877,nazwa_produktu_877,81,32,66
878,nazwa_produktu_878,24,308,63
879,nazwa_produktu_879,14,218,41
880,nazwa_produktu_880,56,384,84
881,nazwa_produktu_881,98,24,124
882,nazwa_produktu_882,5,78,135
883,nazwa_produktu_883,89,366,75
884,nazwa_produktu_884,51,391,126
885,nazwa_produktu_885,62,392,63
886,nazwa_produktu_886,89,110,61
887,nazwa_produktu_887,71,364,36
888,nazwa_produktu_888,49,382,66
889,nazwa_produktu_889,41,373,7
890,nazwa_produktu_890,12,6,18
891,nazwa_produktu_891,105,135,94
892,nazwa_produktu_892,88,217,29
893,nazwa_produktu_893,35,251,83
894,nazwa_produktu_894,54,363,14
895,nazwa_produktu_895,92,261,81
896,nazwa_produktu_896,63,290,32
897,nazwa_produktu_897,7,172,78
898,nazwa_produktu_898,8,181,47
899,nazwa_produktu_899,20,330,60
900,nazwa_produktu_900,61,298,68
901,nazwa_produktu_901,21,356,33
902,nazwa_produktu_902,94,275,56
903,nazwa_produktu_903,86,265,47
904,nazwa_produktu_904,99,315,25
905,nazwa_produktu_905,27,189,31
906,nazwa_produktu_906,87,354,94
907,nazwa_produktu_907,100,173,19
908,nazwa_produktu_908,96,115,64
909,nazwa_produktu_909,95,202,131
910,nazwa_produktu_910,47,54,37
911,nazwa_produktu_911,36,272,66
912,nazwa_produktu_912,95,66,64
913,nazwa_produktu_913,39,162,42
914,nazwa_produktu_914,85,386,119
915,nazwa_produktu_915,69,167,31
916,nazwa_produktu_916,100,10,59
917,nazwa_produktu_917,47,389,26
918,nazwa_produktu_918,78,249,75
919,nazwa_produktu_919,107,61,20
920,nazwa_produktu_920,45,251,28
921,nazwa_produktu_921,59,328,123
922,nazwa_produktu_922,10,323,95
923,nazwa_produktu_923,16,365,13
924,nazwa_produktu_924,98,218,103
925,nazwa_produktu_925,86,9,98
926,nazwa_produktu_926,82,383,76
927,nazwa_produktu_927,107,384,137
928,nazwa_produktu_928,46,352,88
929,nazwa_produktu_929,94,306,100
930,nazwa_produktu_930,20,80,3
931,nazwa_produktu_931,75,350,77
932,nazwa_produktu_932,24,169,137
933,nazwa_produktu_933,52,5,123
934,nazwa_produktu_934,8,42,67
935,nazwa_produktu_935,66,262,27
936,nazwa_produktu_936,88,171,137
937,nazwa_produktu_937,63,94,111
938,nazwa_produktu_938,91,139,21
939,nazwa_produktu_939,37,235,17
940,nazwa_produktu_940,15,162,73
941,nazwa_produktu_941,32,333,42
942,nazwa_produktu_942,38,44,124
943,nazwa_produktu_943,83,46,94
944,nazwa_produktu_944,107,5,79
945,nazwa_produktu_945,66,73,2
946,nazwa_produktu_946,37,340,47
947,nazwa_produktu_947,82,95,30
948,nazwa_produktu_948,100,55,16
949,nazwa_produktu_949,109,60,44
950,nazwa_produktu_950,89,260,130
951,nazwa_produktu_951,55,301,58
952,nazwa_produktu_952,57,317,36
953,nazwa_produktu_953,39,210,101
954,nazwa_produktu_954,96,375,135
955,nazwa_produktu_955,50,145,7
956,nazwa_produktu_956,61,72,93
957,nazwa_produktu_957,83,30,138
958,nazwa_produktu_958,63,303,37
959,nazwa_produktu_959,67,267,140
960,nazwa_produktu_960,36,289,15
961,nazwa_produktu_961,31,320,12
962,nazwa_produktu_962,46,73,97
963,nazwa_produktu_963,82,50,91
964,nazwa_produktu_964,97,154,72
965,nazwa_produktu_965,106,229,23
966,nazwa_produktu_966,65,257,90
967,nazwa_produktu_967,93,156,138
968,nazwa_produktu_968,79,309,13
969,nazwa_produktu_969,7,194,61
970,nazwa_produktu_970,64,73,51
971,nazwa_produktu_971,85,301,52
972,nazwa_produktu_972,57,386,91
973,nazwa_produktu_973,69,87,40
974,nazwa_produktu_974,38,268,85
975,nazwa_produktu_975,30,51,45
976,nazwa_produktu_976,13,375,13
977,nazwa_produktu_977,9,54,19
978,nazwa_produktu_978,94,382,87
979,nazwa_produktu_979,69,243,117
980,nazwa_produktu_980,43,290,109
981,nazwa_produktu_981,108,45,23
982,nazwa_produktu_982,101,365,126
983,nazwa_produktu_983,61,251,33
984,nazwa_produktu_984,101,77,76
985,nazwa_produktu_985,84,343,81
986,nazwa_produktu_986,27,7,80
987,nazwa_produktu_987,34,283,26
988,nazwa_produktu_988,101,145,38
989,nazwa_produktu_989,107,22,138
990,nazwa_produktu_990,36,336,59
991,nazwa_produktu_991,82,30,30
992,nazwa_produktu_992,67,341,63
993,nazwa_produktu_993,106,303,50
994,nazwa_produktu_994,54,169,118
995,nazwa_produktu_995,14,265,140
996,nazwa_produktu_996,37,315,30
997,nazwa_produktu_997,109,115,26
998,nazwa_produktu_998,16,15,128
999,nazwa_produktu_999,46,265,133
1000,nazwa_produktu_1000,29,389,96