id_ulicy,nazwa_ulicy
1,ulica_1
2,ulica_2
3,ulica_3
4,ulica_4
5,ulica_5
6,ulica_6
7,ulica_7
8,ulica_8
9,ulica_9
10,ulica_10
11,ulica_11
12,ulica_12
13,ulica_13
14,ulica_14
15,ulica_15
16,ulica_16
17,ulica_17
18,ulica_18
19,ulica_19
20,ulica_20
21,ulica_21
22,ulica_22
23,ulica_23
24,ulica_24
25,ulica_25
26,ulica_26
27,ulica_27
28,ulica_28
29,ulica_29
30,ulica_30
31,ulica_31
32,ulica_32
33,ulica_33
34,ulica_34
35,ulica_35
36,ulica_36
37,ulica_37
38,ulica_38
39,ulica_39
40,ulica_40
41,ulica_41
42,ulica_42
43,ulica_43
44,ulica_44
45,ulica_45
46,ulica_46
47,ulica_47
48,ulica_48
49,ulica_49
50,ulica_50
51,ulica_51
52,ulica_52
53,ulica_53
54,ulica_54
55,ulica_55
56,ulica_56
57,ulica_57
58,ulica_58
59,ulica_59
60,ulica_60
61,ulica_61
62,ulica_62
63,ulica_63
64,ulica_64
65,ulica_65
66,ulica_66
67,ulica_67
68,ulica_68
69,ulica_69
70,ulica_70
71,ulica_71
72,ulica_72
73,ulica_73
74,ulica_74
75,ulica_75
76,ulica_76
77,ulica_77
78,ulica_78
79,ulica_79
80,ulica_80
81,ulica_81
82,ulica_82
83,ulica_83
84,ulica_84
85,ulica_85
86,ulica_86
87,ulica_87
88,ulica_88
89,ulica_89
90,ulica_90
91,ulica_91
92,ulica_92
93,ulica_93
94,ulica_94
95,ulica_95
96,ulica_96
97,ulica_97
98,ulica_98
99,ulica_99
100,ulica_100
101,ulica_101
102,ulica_102
103,ulica_103
104,ulica_104
105,ulica_105
106,ulica_106
107,ulica_107
108,ulica_108
109,ulica_109
110,ulica_110
111,ulica_111
112,ulica_112
113,ulica_113
114,ulica_114
115,ulica_115
116,ulica_116
117,ulica_117
118,ulica_118
119,ulica_119
120,ulica_120
121,ulica_121
122,ulica_122
123,ulica_123
124,ulica_124
125,ulica_125
126,ulica_126
127,ulica_127
128,ulica_128
129,ulica_129
130,ulica_130
131,ulica_131
132,ulica_132
133,ulica_133
134,ulica_134
135,ulica_135
136,ulica_136
137,ulica_137
138,ulica_138
139,ulica_139
140,ulica_140
141,ulica_141
142,ulica_142
143,ulica_143
144,ulica_144
145,ulica_145
146,ulica_146
147,ulica_147
148,ulica_148
149,ulica_149
150,ulica_150
151,ulica_151
152,ulica_152
153,ulica_153
154,ulica_154
155,ulica_155
156,ulica_156
157,ulica_157
158,ulica_158
159,ulica_159
160,ulica_160
161,ulica_161
162,ulica_162
163,ulica_163
164,ulica_164
165,ulica_165
166,ulica_166
167,ulica_167
168,ulica_168
169,ulica_169
170,ulica_170
171,ulica_171
172,ulica_172
173,ulica_173
174,ulica_174
175,ulica_175
176,ulica_176
177,ulica_177
178,ulica_178
179,ulica_179
180,ulica_180
181,ulica_181
182,ulica_182
183,ulica_183
184,ulica_184
185,ulica_185
186,ulica_186
187,ulica_187
188,ulica_188
189,ulica_189
190,ulica_190
191,ulica_191
192,ulica_192
193,ulica_193
194,ulica_194
195,ulica_195
196,ulica_196
197,ulica_197
198,ulica_198
199,ulica_199
200,ulica_200
201,ulica_201
202,ulica_202
203,ulica_203
204,ulica_204
205,ulica_205
206,ulica_206
207,ulica_207
208,ulica_208
209,ulica_209
210,ulica_210
211,ulica_211
212,ulica_212
213,ulica_213
214,ulica_214
215,ulica_215
216,ulica_216
217,ulica_217
218,ulica_218
219,ulica_219
220,ulica_220
221,ulica_221
222,ulica_222
223,ulica_223
224,ulica_224
225,ulica_225
226,ulica_226
227,ulica_227
228,ulica_228
229,ulica_229
230,ulica_230
231,ulica_231
232,ulica_232
233,ulica_233
234,ulica_234
235,ulica_235
236,ulica_236
237,ulica_237
238,ulica_238
239,ulica_239
240,ulica_240
241,ulica_241
242,ulica_242
243,ulica_243
244,ulica_244
245,ulica_245
246,ulica_246
247,ulica_247
248,ulica_248
249,ulica_249
250,ulica_250
251,ulica_251
252,ulica_252
253,ulica_253
254,ulica_254
255,ulica_255
256,ulica_256
257,ulica_257
258,ulica_258
259,ulica_259
260,ulica_260
261,ulica_261
262,ulica_262
263,ulica_263
264,ulica_264
265,ulica_265
266,ulica_266
267,ulica_267
268,ulica_268
269,ulica_269
270,ulica_270
271,ulica_271
272,ulica_272
273,ulica_273
274,ulica_274
275,ulica_275
276,ulica_276
277,ulica_277
278,ulica_278
279,ulica_279
280,ulica_280
281,ulica_281
282,ulica_282
283,ulica_283
284,ulica_284
285,ulica_285
286,ulica_286
287,ulica_287
288,ulica_288
289,ulica_289
290,ulica_290
291,ulica_291
292,ulica_292
293,ulica_293
294,ulica_294
295,ulica_295
296,ulica_296
297,ulica_297
298,ulica_298
299,ulica_299
300,ulica_300
301,ulica_301
302,ulica_302
303,ulica_303
304,ulica_304
305,ulica_305
306,ulica_306
307,ulica_307
308,ulica_308
309,ulica_309
310,ulica_310
311,ulica_311
312,ulica_312
313,ulica_313
314,ulica_314
315,ulica_315
316,ulica_316
317,ulica_317
318,ulica_318
319,ulica_319
320,ulica_320
321,ulica_321
322,ulica_322
323,ulica_323
324,ulica_324
325,ulica_325
326,ulica_326
327,ulica_327
328,ulica_328
329,ulica_329
330,ulica_330
331,ulica_331
332,ulica_332
333,ulica_333
334,ulica_334
335,ulica_335
336,ulica_336
337,ulica_337
338,ulica_338
339,ulica_339
340,ulica_340
341,ulica_341
342,ulica_342
343,ulica_343
344,ulica_344
345,ulica_345
346,ulica_346
347,ulica_347
348,ulica_348
349,ulica_349
350,ulica_350
351,ulica_351
352,ulica_352
353,ulica_353
354,ulica_354
355,ulica_355
356,ulica_356
357,ulica_357
358,ulica_358
359,ulica_359
360,ulica_360
361,ulica_361
362,ulica_362
363,ulica_363
364,ulica_364
365,ulica_365
366,ulica_366
367,ulica_367
368,ulica_368
369,ulica_369
370,ulica_370
371,ulica_371
372,ulica_372
373,ulica_373
374,ulica_374
375,ulica_375
376,ulica_376
377,ulica_377
378,ulica_378
379,ulica_379
380,ulica_380
381,ulica_381
382,ulica_382
383,ulica_383
384,ulica_384
385,ulica_385
386,ulica_386
387,ulica_387
388,ulica_388
389,ulica_389
390,ulica_390
391,ulica_391
392,ulica_392
393,ulica_393
394,ulica_394
395,ulica_395
396,ulica_396
397,ulica_397
398,ulica_398
399,ulica_399
400,ulica_400